Komen,Nilai
Situs terpercaya 2024 dan resmi yah ğŸ‘‘KING ambil4d ğŸ‘‘ nyata bayar !30,negatif
Bersyukur untuk hari ini. Itu langkah pertama menuju kebahagiaan. ğ†ğğğ†ğ‹ğ„ ğ€ğ‰ğ€  ambil4d,negatif
G ada kata2 selai ampasnya sendiri ya?,positif
Sangat keren! Meraih kemenangan besar di ambil4d langsung berlibur ke luar negeri!,negatif
paling suka main di ling ini bang sering wd walaupun dikit dikit bang ambil4d,negatif
mantap terus ambil4d selalu bikin happy!,negatif
Bermain di ambil4d uang jajan jadi nggak habis-habis!,negatif
Jangan ragu!!! mantap parah disini ğŸ‰ğŸ‰ğŸ‘ ambil4d terbaik 2025!!! ğŸ˜ŠğŸ˜ŠğŸ’¸,negatif
Main sebentar aja langsung dapet rezeki besar keren banget ambil4d!,negatif
itu si rijal doyan banget main di ambil4d sampe kebeli motor,negatif
Sangat keren! Meraih kemenangan besar di ambil4d langsung berlibur ke luar negeri!,negatif
Selamat Tahun Baru ambil4d mantap Selalu ğŸ‰ğŸ‰ğŸ‰ğŸ‰,negatif
Main sebentar aja langsung dapet rezeki besar keren banget ambil4d!,negatif
Katanya klo kena molotov terus di tembak glacier gak kenapaÂ² kan?,positif
Device apa ya?,positif
dulu dikit2 buyspin semenjak main di ğŸ¥‡ ambil4d ğŸ† gk pernah buy spin lagi sering banget dapet scatter,negatif
mantappp ambil4d sungguh menggugah selera makanğŸ¤¤ğŸ¤¤ğŸ¤¤,negatif
Tarik semua kemenangan dari ambil4d saatnya belanja!â˜‘ï¸â˜‘ï¸â˜‘ï¸,negatif
itu si rijal doyan banget main di ambil4d sampe kebeli motor,negatif
Bersyukur untuk hari ini. Itu langkah pertama menuju kebahagiaan. ğ†ğğğ†ğ‹ğ„ ğ€ğ‰ğ€  ambil4d ğŸ˜…ğŸ˜…,negatif
Terpopuler ambil4d  Sudah Pasti JepeğŸ’¥,negatif
"""Cape ditipu tempatâŒ

cape menang main di  ambil4d ğŸ—¿âœ…""",negatif
Sangat keren! Meraih kemenangan besar di ambil4d langsung berlibur ke luar negeri!,negatif
dulu dikit2 buyspin semenjak main di ambil4d  gk pernah buy spin lagi sering banget dapet scatter,negatif
ambil4d tempat hoki yang nggak ada duanya!,negatif
Sukses terus untuk ambil4d,negatif
Main di ambil4d   itu kayak diberi tiket emas menuju jackpot!baru daftar langsung JP wkwkwkğŸ˜…ğŸ˜…,negatif
"""Salfok sama jagungny âŒ

Salfok sm teteh yg jualanny cantik bgt â˜‘ï¸

Orang cerdas paham bermain di ambil4d mantep parahğŸ˜…ğŸ˜…â¤""",negatif
Main di ambil4d   itu kayak diberi tiket emas menuju jackpot!baru daftar langsung JP wkwkwkğŸ˜…ğŸ˜…,negatif
Terima kasih ambil4d  WD cepat masuk saldo rekening. Gak nyesel main di sini sukses terusğŸ™‡â€â™€ï¸ğŸ™‡â€â™€ï¸ğŸ‘Œ,negatif
Terpopuler ambil4d  Sudah Pasti JepeğŸ’¥,negatif
Rezeki gak ada putusnya makasi ambil4d,negatif
Lebih baik menerima kenyataan yang pahit daripada kemanisan yang palsu karena yang asli cuma di ambil4d  ğŸ™‡â€â™€ï¸ğŸ™‡â€â™€ï¸ğŸ‘Œ,negatif
emang boleh se enak ini main di ambil4d  ..?? member baru langsung di kasih WD..,negatif
Hari yang menyenangkan berkat ambil4d! Rezeki datang menghampiri!ğŸ˜…ğŸ˜…â¤,negatif
Muka guru udh kaya biapong di akhirğŸ¤£ğŸ¤£,positif
Komuk ending nya kyk org dongo kena flashbang.. ğŸ˜‚ğŸ˜‚,positif
Langsung Ngomong absurd ending-nya ğŸ˜‚ğŸ˜‚ğŸ˜‚,positif
PUBG makin ga jelas eventnya,positif
Game gajelas anjg,positif
"makin aneh aja ni game ,macem ff",positif
Paling ngakak sama endingnyağŸ˜‚,positif
Hikaru ketika pensi Main catur,positif
Semoot bett,positif
mirip littlehope lu guru,positif
Ane baru tai klo pintu di timpuk bisa hancur...,positif
Jir gw baru tau kalo lempar molotov ke pintu bisa bikin hancur pintunya,positif
Gua baru tau pintu dilepmar utility bisa auto kebuka gt...,positif
Guru Lagu,positif
Anjinggggg ngakak guruuuuuuğŸ˜…ğŸ˜…ğŸ˜…ğŸ˜…,positif
Muka kau kaya fiktor bg,positif
"Nick name. 
Tai kerasğŸ˜‚ğŸ˜‚ğŸ˜‚",positif
anjir baru tau molotov bisa tembus pintu,positif
Panik yah hahahaağŸ˜‚ğŸ˜‚ğŸ˜‚,positif
Emang air itu ngesalin ğŸ˜‚ğŸ˜‚ğŸ˜‚,positif
Kocag guru,positif
Guru emang keraz sekeraz Nick nya,positif
Lawan bot ae nuub ğŸ˜…ğŸ˜…,positif
"Sy ulang"" Ku ttap ngakak lhat ini guru, stresss ni abangnyağŸ¤£ğŸ¤£ğŸ¤£ğŸ¤£ğŸ¤£",positif
Kok g pernah live guru,positif
Baru tau pintu bisa ancur dilempar molotov,positif
nama sound nya apa?,positif
Panik dikit nggak ngaruhğŸ˜‚ğŸ¤£â¤,positif
Ya allab kalau nonton konten guru gua suka ngakak ğŸ˜‚ğŸ˜‚ğŸ˜‚ makasih guru udah bikin aku ngakak sampai terberakÂ² di celanağŸ˜‚ğŸ˜‚ğŸ˜‚,positif
Kok live nya udah gk ada guru?,positif
Nama backsong nya apaan?,positif
Khodam nya otw login bjir ğŸ˜‚,positif
Ending nya tidak diharapkan oleh penonton,positif
Acting stresnya sangat menjiwai di akhirğŸ’€,positif
Keluar lagi khodamnyağŸ˜‚,positif
Guru panikğŸ˜‚ğŸ˜‚ğŸ˜‚ğŸ˜‚ğŸ˜‚,positif
Kapan live lagi guruğŸ˜†ğŸ˜†,positif
Bjir skin M4 nya mix dari imperial splendor sama timdal Embrace,positif
lgsg tantrum end nya ğŸ˜‚,positif
Tekeluar dikit tainya suda ğŸ˜‚,positif
panik kau dek dek,positif
Guru sombong ğŸ˜‚,positif
Ke 3 guruğŸ‰,positif
kedua jir,positif
Mungkin,positif
pertama kah gw,positif
gacor disini bro,negatif
ambil disitus ini,negatif
situs paling gacor ,negatif
situts ini kurang,negatif
situs ini jackpot,negatif
